35 Grove St,Arlington,Massachusetts,5
90 Pond Ln,Arlington,Massachusetts,4
80 Oxford St,Arlington,Massachusetts,4
280 Trapelo Rd,Belmont,Massachusetts,4
95 Washington St,Belmont,Massachusetts,2
Orchard St and Underwood St,Belmont,Massachusetts,10
250 Nahatan St Westwood,Boston,Massachusetts,4
56 Rogers Park Ave,Boston,Massachusetts,2
2200 Beacon St,Boston,Massachusetts,2
Gordon St and High Rock Way,Boston,Massachusetts,2
100 Pemberton St,Boston,Massachusetts,4
570 Amory St,Boston,Massachusetts,3
540 Parker St,Boston,Massachusetts,3
52 Hemenway St,Boston,Massachusetts,3
640 Columbus Ave,Boston,Massachusetts,5
200 W Newton St,Boston,Massachusetts,1
200 Rutherford Ave,Boston,Massachusetts,4
1 Charles River Dam Rd,Boston,Massachusetts,2
1230 Washington St,Boston,Massachusetts,1
Boylston St & Charles St,Boston,Massachusetts,2
2100 Dorchester Ave,Boston,Massachusetts,2
605 Commercial St,Boston,Massachusetts,2
Columbia Rd & Old Colony Ave,Boston,Massachusetts,3
164 Umass Boston,Boston,Massachusetts,5
E 2nd St. and Farragut Rd,Boston,Massachusetts,1
230 Beverly Rd,Brookline,Massachusetts,5
140 Eliot St,Brookline,Massachusetts,3
2 Strathmore Rd,Brookline,Massachusetts,8
Stedman St,Brookline,Massachusetts,3
80 Newell Rd,Brookline,Massachusetts,3
678 Huron Ave,Cambridge,Massachusetts,3
10 Blackstone St,Cambridge,Massachusetts,2
22 Montague St,Cambridge,Massachusetts,2
124 Ellery St,Cambridge,Massachusetts,3
77 Mass Ave,Cambridge,Massachusetts,16
140 Harvard St,Cambridge,Massachusetts,1
255 Medford St,Charlestown,Massachusetts,3
30 Mt Vernon St,Dedham,Massachusetts,3
3 Playground Rd,Hingham,Massachusetts,6
12 Carolina Ave,Jamaica Plain,Massachusetts,2
35 Valley Rd,Lexington,Massachusetts,2
80 Worthen Rd,Lexington,Massachusetts,10
Stedman Rd & Brookside Ave,Lexington,Massachusetts,3
739 Massachusetts Ave.,Lexington,Massachusetts,2
Fellsway & Emerald St,Malden,Massachusetts,4
Highland Ave & Pine St,Malden,Massachusetts,5
Mystic River Rd & Fairfield St,Medford,Massachusetts,5
114 Playstead Rd,Medford,Massachusetts,3
90 Professors Row,Medford,Massachusetts,8
315 Lynn Fells Pkwy,Melrose,Massachusetts,4
50 Crystal St,Melrose,Massachusetts,4
325 Randolph Ave,Milton,Massachusetts,6
Franklin St & Howe St,Milton,Massachusetts,2
155 Pickering St,Needham,Massachusetts,4
1180 Greendale Ave,Needham,Massachusetts,5
West Pine St,Newton,Massachusetts,2
171 Pine St,Newton,Massachusetts,2
1584 Washington St,Newton,Massachusetts,7
1697 Beacon St,Newton,Massachusetts,3
98 Princess Rd,Newton,Massachusetts,1
1171 Chestnut St,Newton,Massachusetts,2
250 Waltham St,Newton,Massachusetts,13
276 Albemarle Rd,Newton,Massachusetts,2
Albemarle Rd,Newton,Massachusetts,2
1196 Beacon St,Newton,Massachusetts,3
Hull St,Newton,Massachusetts,10
71 Manchester Rd,Newton,Massachusetts,4
14 Dedham St,Newton,Massachusetts,2
Hawthorn St,Newton,Massachusetts,2
75 East Side Pkwy,Newton,Massachusetts,2
Jasset St,Newton,Massachusetts,2
2 Cedric Rd,Newton,Massachusetts,4
185 Tyler Terrace,Newton,Massachusetts,5
90 Carlson Ave,Newton,Massachusetts,4
33 Chinian Path,Newton,Massachusetts,2
40 Stein Cir,Newton,Massachusetts,2
140 Brandeis Cir,Newton,Massachusetts,12
118 Park St,Newton,Massachusetts,2
10 Dolphin Rd,Newton,Massachusetts,2
8 Belmont St,Quincy,Massachusetts,5
Young St & Coe St,Quincy,Massachusetts,2
Hancock St & Fenno St,Quincy,Massachusetts,2
100 Russell Park,Quincy,Massachusetts,5
22 Calvin Rd,Quincy,Massachusetts,2
80 Park Ave,Revere,Massachusetts,2
71 Loring Ave,Salem,Massachusetts,6
352 Lafayette St,Salem,Massachusetts,4
25 Dow St,Saugus,Massachusetts,4
320 Alewife Brook Pkwy,Somerville,Massachusetts,2
70 Fellsway W,Somerville,Massachusetts,2
149 Franklin St,Stoneham,Massachusetts,8
207 Forest Ave,Swampscott,Massachusetts,6
Farm St & Hemlock,Wakefield,Massachusetts,6
1250 Trapelo Rd,Waltham,Massachusetts,2
400 Beaver St,Waltham,Massachusetts,6
190 Grove St,Waltham,Massachusetts,3
140 Beal Rd,Waltham,Massachusetts,1
524 Pleasant St,Watertown,Massachusetts,4
80 Watertown St,Watertown,Massachusetts,3
50 Orchard St,Watertown,Massachusetts,5
485 Arsenal St,Watertown,Massachusetts,6
15 Palmer St,Winchester,Massachusetts,15
6 Walden St,Winthrop,Massachusetts,2
372 Main St,Winthrop,Massachusetts,4
90 Seal Harbor Rd,Winthrop,Massachusetts,2
1 Wade Pl,Woburn,Massachusetts,2
88 Montvale Ave,Woburn,Massachusetts,3
904-910 Champlin Rd,Block Island,Rhode Island,2
359 High Street,Block Island,Rhode Island,2
Connecticut Ave,Block Island,Rhode Island,2
107 Carroll Ave,Newport,Rhode Island,2
King Street,Newport,Rhode Island,4
194 Bellevue Ave,Newport,Rhode Island,12
301 Curtis Corner Road,South Kingstown,Rhode Island,5
78 Spring Street,South Kingstown,Rhode Island,2
875 Kingstown Road,South Kingstown,Rhode Island,4
349 Broad Rock Rd,South Kingstown,Rhode Island,6
4640 Tower Hill Road,South Kingstown,Rhode Island,6
1 Cunningham Square,Providence,Rhode Island,6
555 Green Hill Beach Road,South Kingstown,Rhode Island,2
3840 Kingstown Road,South Kingstown,Rhode Island,2
1150 Tuckertown Road,South Kingstown,Rhode Island,2
3000 Kingstown Road,South Kingstown,Rhode Island,8
208 Succotash Road,South Kingstown,Rhode Island,2
15 Alumni Avenue,Providence,Rhode Island,9
300 Hope Street,Providence,Rhode Island,8
